<?xml version="1.0" encoding="UTF-8"?>
<project-private xmlns="http://www.netbeans.org/ns/project-private/1">
    <editor-bookmarks xmlns="http://www.netbeans.org/ns/editor-bookmarks/2" lastBookmarkId="0"/>
    <open-files xmlns="http://www.netbeans.org/ns/projectui-open-files/2">
        <group>
            <file>file:/C:/Users/diazeg/Documents/NetBeansProjects/WebAppMVC/web/puntoVenta2.jsp</file>
            <file>file:/C:/Users/diazeg/Documents/NetBeansProjects/WebAppMVC/src/java/com/webappMVC/dao/InventarioDaoImp.java</file>
            <file>file:/C:/Users/diazeg/Documents/NetBeansProjects/WebAppMVC/src/java/com/webappMVC/servlet/Controlador.java</file>
            <file>file:/C:/Users/diazeg/Documents/NetBeansProjects/WebAppMVC/web/index.html</file>
            <file>file:/C:/Users/diazeg/Documents/NetBeansProjects/WebAppMVC/src/java/com/webappMVC/service/ManejoInventarioImp.java</file>
            <file>file:/C:/Users/diazeg/Documents/NetBeansProjects/WebAppMVC/src/java/com/webappMVC/dto/ItemDTO.java</file>
            <file>file:/C:/Users/diazeg/Documents/NetBeansProjects/WebAppMVC/web/puntoVenta1.jsp</file>
        </group>
    </open-files>
</project-private>
